1,3,This game was fun,2018-04-05,Jsmith20,200
2,4,Amazing gameplay,2005-01-07,Jdan100,204
3,2,Not impressed,2023-09-20,Trev1999,200
4,5,Highly recommended,2019-10-12,EPerry27,203
5,4,Great journey,2017-08-10,Jdan100,201
6,3,Interesting superhero concept,2016-03-18,Jsmith20,205
7,5,Once upon a time,2010-12-20,JuanLopez02,206
8,4,Timeless experience,2019-01-12,Jdan100,204
9,2,Ultimate driving sim,2022-04-14,Trev1999,204
10,1,Wrestling madness,2023-10-07,Jsmith20,202
11,3,Animal Party is a blast,2020-12-13,EPerry27,203